Metric,Value
RMSE,73.5890793800354
MAE,73.5890793800354
R2,0.0
